{
  "fig8": {
    "att": {
      "n_valid": 23,
      "n_total": 25,
      "rmse_mu": 0.40748628181013397,
      "rmse_sd": 0.007133029932997226,
      "gates_mu": 3.0869565217391304,
      "md_mu": 0.3729039338458415,
      "md_sd": 0.0036493678504522474,
      "p99": 4.391242939664153
    },
    "full": {
      "n_valid": 23,
      "n_total": 25,
      "rmse_mu": 0.3083668543012968,
      "rmse_sd": 0.007244851964683338,
      "gates_mu": 7.0,
      "md_mu": 0.14616030818106437,
      "md_sd": 0.0036368032889080256,
      "p99": 3.8642476700078983
    },
    "p_rmse": 3.817646470536812e-39,
    "p_md": 8.931780597844371e-68
  },
  "loop": {
    "att": {
      "n_valid": 18,
      "n_total": 25,
      "rmse_mu": 0.2892009120012703,
      "rmse_sd": 0.006651604330374133,
      "gates_mu": 5.0,
      "md_mu": 0.30049729035763034,
      "md_sd": 0.003327288932576783,
      "p99": 3.860397429789372
    },
    "full": {
      "n_valid": 18,
      "n_total": 25,
      "rmse_mu": 0.21058845001703944,
      "rmse_sd": 0.0085560921556019,
      "gates_mu": 8.0,
      "md_mu": 0.15147350745139182,
      "md_sd": 0.004658319880840636,
      "p99": 3.8519469100719985
    },
    "p_rmse": 2.261360629708794e-25,
    "p_md": 1.4863564004871338e-41
  }
}